-- phpMyAdmin SQL Dump
-- version 4.9.7
-- https://www.phpmyadmin.net/
--
-- Host: localhost:3306
-- Generation Time: May 02, 2022 at 09:57 AM
-- Server version: 5.7.23-23
-- PHP Version: 7.3.32

SET SQL_MODE = "NO_AUTO_VALUE_ON_ZERO";
SET AUTOCOMMIT = 0;
START TRANSACTION;
SET time_zone = "+00:00";


/*!40101 SET @OLD_CHARACTER_SET_CLIENT=@@CHARACTER_SET_CLIENT */;
/*!40101 SET @OLD_CHARACTER_SET_RESULTS=@@CHARACTER_SET_RESULTS */;
/*!40101 SET @OLD_COLLATION_CONNECTION=@@COLLATION_CONNECTION */;
/*!40101 SET NAMES utf8mb4 */;

--
-- Database: `bluednmd_Delicious-Meal`
--

-- --------------------------------------------------------

--
-- Table structure for table `admin`
--

CREATE TABLE `admin` (
  `id` int(11) NOT NULL,
  `name` varchar(100) COLLATE utf8_unicode_ci NOT NULL,
  `email` varchar(100) COLLATE utf8_unicode_ci NOT NULL,
  `password` varchar(100) COLLATE utf8_unicode_ci NOT NULL,
  `tax` int(11) NOT NULL DEFAULT '3',
  `charge_from_worker` int(2) NOT NULL DEFAULT '0',
  `min_withdraw_amt` int(11) NOT NULL DEFAULT '1',
  `max_withdraw_amt` int(11) NOT NULL,
  `wallet_amount` decimal(13,2) NOT NULL
) ENGINE=InnoDB DEFAULT CHARSET=utf8 COLLATE=utf8_unicode_ci;

--
-- Dumping data for table `admin`
--

INSERT INTO `admin` (`id`, `name`, `email`, `password`, `tax`, `charge_from_worker`, `min_withdraw_amt`, `max_withdraw_amt`, `wallet_amount`) VALUES
(1, 'admin', 'admin@gmail.com', '123456', 3, 4, 0, 0, 853.32);

-- --------------------------------------------------------

--
-- Table structure for table `area_served`
--

CREATE TABLE `area_served` (
  `id` int(15) NOT NULL,
  `area_name` varchar(255) COLLATE utf8_unicode_ci DEFAULT NULL,
  `has_pickup` int(11) NOT NULL COMMENT '0 = No | 1 = Yes',
  `has_home_delivery` int(11) NOT NULL COMMENT '0 = No | 1 = Yes',
  `area_post_code` varchar(255) COLLATE utf8_unicode_ci DEFAULT NULL,
  `area_group` varchar(255) COLLATE utf8_unicode_ci DEFAULT NULL,
  `location_heading` varchar(255) COLLATE utf8_unicode_ci NOT NULL DEFAULT 'Enjoy our delicious meal',
  `location_description` varchar(255) COLLATE utf8_unicode_ci NOT NULL DEFAULT 'Interdum et malesuada fames ac ante ipsum primis i...',
  `location_background_image` varchar(255) COLLATE utf8_unicode_ci DEFAULT NULL,
  `created_at` datetime NOT NULL DEFAULT CURRENT_TIMESTAMP,
  `updated_at` datetime NOT NULL DEFAULT CURRENT_TIMESTAMP
) ENGINE=InnoDB DEFAULT CHARSET=utf8 COLLATE=utf8_unicode_ci;

--
-- Dumping data for table `area_served`
--

INSERT INTO `area_served` (`id`, `area_name`, `has_pickup`, `has_home_delivery`, `area_post_code`, `area_group`, `location_heading`, `location_description`, `location_background_image`, `created_at`, `updated_at`) VALUES
(1, 'Kellyville', 0, 0, '2155', 'KellyvilleRegion', 'Enjoy our delicious meal', 'Interdum et malesuada fames ac ante ipsum primis i...', 'assets/admin/image/14493379971651227500.download.png', '2022-04-20 08:22:05', '2022-04-20 08:22:05'),
(2, 'Paramatta', 0, 0, '2145', 'ParramattaRegion', 'Enjoy our delicious meal', 'Interdum et malesuada fames ac ante ipsum primis i...', 'assets/admin/image/2719945251651227401.download.png', '2022-04-20 08:22:05', '2022-04-20 08:22:05'),
(7, 'paramatta', 0, 1, '789456', 'indore', 'fgfghghgfh', '<p>   gfhgh</p>', 'assets/admin/image/11901810721651227375.download.png', '2022-04-25 05:39:57', '2022-04-25 05:39:57'),
(8, 'gfjf12', 0, 1, '4554', 'ParramattaRegion', 'dfsgfdsg12', '<p>fdgdfgfdg12</p>', 'assets/admin/image/7510162621651227343.download.png', '2022-04-28 07:27:19', '2022-04-28 07:27:19'),
(10, 'fddh', 1, 1, '45214', 'hgfhh', 'dfsgfdsg', '<p>dfgh</p>', 'assets/admin/image/20031784941651227310.download.png', '2022-04-28 07:41:00', '2022-04-28 07:41:00');

-- --------------------------------------------------------

--
-- Table structure for table `category`
--

CREATE TABLE `category` (
  `id` int(11) NOT NULL,
  `title` varchar(255) COLLATE utf8_unicode_ci NOT NULL,
  `created_at` datetime NOT NULL DEFAULT CURRENT_TIMESTAMP,
  `updated_at` datetime NOT NULL DEFAULT CURRENT_TIMESTAMP
) ENGINE=InnoDB DEFAULT CHARSET=utf8 COLLATE=utf8_unicode_ci;

--
-- Dumping data for table `category`
--

INSERT INTO `category` (`id`, `title`, `created_at`, `updated_at`) VALUES
(1, 'Asian Food', '2022-04-22 05:33:25', '2022-04-22 05:33:25'),
(2, 'Sea Food', '2022-04-22 05:37:44', '2022-04-22 05:37:44'),
(3, 'Fast Food', '2022-04-22 05:38:00', '2022-04-22 05:38:00'),
(4, 'Thai Food', '2022-04-22 05:38:14', '2022-04-22 05:38:14'),
(5, 'Chines Food', '2022-04-22 05:38:45', '2022-04-22 05:38:45'),
(6, 'Burger & Fries', '2022-04-22 05:39:04', '2022-04-22 05:39:04'),
(7, 'Indian Food', '2022-04-22 05:39:19', '2022-04-22 05:39:19');

-- --------------------------------------------------------

--
-- Table structure for table `contact_details`
--

CREATE TABLE `contact_details` (
  `id` int(11) NOT NULL,
  `phone_1` varchar(255) COLLATE utf8_unicode_ci NOT NULL,
  `phone_2` varchar(255) COLLATE utf8_unicode_ci NOT NULL,
  `phone_3` varchar(255) COLLATE utf8_unicode_ci NOT NULL,
  `email_1` varchar(255) COLLATE utf8_unicode_ci NOT NULL,
  `email_2` varchar(255) COLLATE utf8_unicode_ci NOT NULL,
  `email_3` varchar(255) COLLATE utf8_unicode_ci NOT NULL,
  `created_at` datetime NOT NULL DEFAULT CURRENT_TIMESTAMP
) ENGINE=InnoDB DEFAULT CHARSET=utf8 COLLATE=utf8_unicode_ci;

--
-- Dumping data for table `contact_details`
--

INSERT INTO `contact_details` (`id`, `phone_1`, `phone_2`, `phone_3`, `email_1`, `email_2`, `email_3`, `created_at`) VALUES
(1, '+5646546546', '1234567890', '1122334455', 'admin@gmail.com', 'admin@gmail.com', 'admin@gmail.com', '2022-04-21 12:25:02');

-- --------------------------------------------------------

--
-- Table structure for table `contact_request`
--

CREATE TABLE `contact_request` (
  `id` int(11) NOT NULL,
  `name` varchar(255) COLLATE utf8_unicode_ci NOT NULL,
  `email` varchar(255) COLLATE utf8_unicode_ci NOT NULL,
  `phone` varchar(255) COLLATE utf8_unicode_ci NOT NULL,
  `subject` varchar(255) COLLATE utf8_unicode_ci NOT NULL,
  `message` text COLLATE utf8_unicode_ci,
  `created_at` datetime NOT NULL DEFAULT CURRENT_TIMESTAMP,
  `updated_at` datetime NOT NULL DEFAULT CURRENT_TIMESTAMP
) ENGINE=InnoDB DEFAULT CHARSET=utf8 COLLATE=utf8_unicode_ci;

--
-- Dumping data for table `contact_request`
--

INSERT INTO `contact_request` (`id`, `name`, `email`, `phone`, `subject`, `message`, `created_at`, `updated_at`) VALUES
(1, 'neha', 'neha@gmail.com', '8745874587', 'testing', 'this is for testing', '2022-04-21 13:04:15', '2022-04-21 13:04:15'),
(2, 'Anil', 'anil.webwiders@gmail.com', '234234', 'T', 'Test', '2022-05-02 12:20:05', '2022-05-02 12:20:05');

-- --------------------------------------------------------

--
-- Table structure for table `home_content`
--

CREATE TABLE `home_content` (
  `id` int(15) NOT NULL,
  `background_image` varchar(255) COLLATE utf8_unicode_ci DEFAULT NULL,
  `main_heading` varchar(255) COLLATE utf8_unicode_ci DEFAULT NULL,
  `main_description` varchar(255) COLLATE utf8_unicode_ci DEFAULT NULL,
  `created_at` datetime NOT NULL DEFAULT CURRENT_TIMESTAMP,
  `updated_at` datetime NOT NULL DEFAULT CURRENT_TIMESTAMP
) ENGINE=InnoDB DEFAULT CHARSET=utf8 COLLATE=utf8_unicode_ci;

--
-- Dumping data for table `home_content`
--

INSERT INTO `home_content` (`id`, `background_image`, `main_heading`, `main_description`, `created_at`, `updated_at`) VALUES
(1, 'assets/admin/image/3396251041651130474', 'Enjoy Our Delicious Meals', '<p>Interdum et malesuada fames ac ante ipsum primis in faucibus. Proin ac rutrum neque, vel congue tellus duis venenatis nisi ligulavarius.</p>', '2022-04-21 05:41:11', '2022-04-21 05:41:11');

-- --------------------------------------------------------

--
-- Table structure for table `inner_content`
--

CREATE TABLE `inner_content` (
  `id` int(11) NOT NULL,
  `about` blob,
  `privacy` blob,
  `terms` blob,
  `created_at` datetime NOT NULL DEFAULT CURRENT_TIMESTAMP,
  `updated_at` datetime NOT NULL DEFAULT CURRENT_TIMESTAMP
) ENGINE=InnoDB DEFAULT CHARSET=utf8 COLLATE=utf8_unicode_ci;

--
-- Dumping data for table `inner_content`
--

INSERT INTO `inner_content` (`id`, `about`, `privacy`, `terms`, `created_at`, `updated_at`) VALUES
(1, 0x3c703e566976616d757320636f6e76616c6c69732c206a7573746f20657520636f6e76616c6c6973207665686963756c612c2065726174206d617572697320706f72747469746f72206469616d2c2073656420616c6971756574206c61637573206f7263692065676574206f64696f2e204e756c6c6120756c6c616d636f72706572206163206c6f72656d206964206d6178696d75732e20566573746962756c756d206e697369206f64696f2c20756c74726963657320616363756d73616e2073656d7065722065742c206661756369627573207574207175616d2e3c2f703e0d0a3c703e416c697175616d20756c6c616d633c2f703e0d0a3c6469763e0d0a3c703e3c7374726f6e673e4c6f72656d20497073756d3c2f7374726f6e673e266e6273703b69732073696d706c792064756d6d792074657874206f6620746865207072696e74696e6720616e64207479706573657474696e6720696e6475737472792e204c6f72656d20497073756d20686173206265656e2074686520696e6475737472792773207374616e646172642064756d6d79207465787420657665722073696e6365207468652031353030732c207768656e20616e20756e6b6e6f776e207072696e74657220746f6f6b20612067616c6c6579206f66207479706520616e6420736372616d626c656420697420746f206d616b65206120747970652073706563696d656e20626f6f6b2e20497420686173207375727669766564206e6f74206f6e6c7920666976652063656e7475726965732c2062757420616c736f20746865206c65617020696e746f20656c656374726f6e6963207479706573657474696e672c2072656d61696e696e6720657373656e7469616c6c7920756e6368616e6765642e2049742077617320706f70756c61726973656420696e207468652031393630732077697468207468652072656c65617365206f66204c657472617365742073686565747320636f6e7461696e696e67204c6f72656d20497073756d2070617373616765732c20616e64206d6f726520726563656e746c792077697468206465736b746f70207075626c697368696e6720736f667477617265206c696b6520416c64757320506167654d616b657220696e636c7564696e672076657273696f6e73206f66204c6f72656d20497073756d2e3c2f703e0d0a3c2f6469763e0d0a3c6469763e266e6273703b3c2f6469763e0d0a3c6469763e0d0a3c6469763e0d0a3c703e3c7374726f6e673e4c6f72656d20497073756d3c2f7374726f6e673e266e6273703b69732073696d706c792064756d6d792074657874206f6620746865207072696e74696e6720616e64207479706573657474696e6720696e6475737472792e204c6f72656d20497073756d20686173206265656e2074686520696e6475737472792773207374616e646172642064756d6d79207465787420657665722073696e6365207468652031353030732c207768656e20616e20756e6b6e6f776e207072696e74657220746f6f6b20612067616c6c6579206f66207479706520616e6420736372616d626c656420697420746f206d616b65206120747970652073706563696d656e20626f6f6b2e20497420686173207375727669766564206e6f74206f6e6c7920666976652063656e7475726965732c2062757420616c736f20746865206c65617020696e746f20656c656374726f6e6963207479706573657474696e672c2072656d61696e696e6720657373656e7469616c6c7920756e6368616e6765642e2049742077617320706f70756c61726973656420696e207468652031393630732077697468207468652072656c65617365206f66204c657472617365742073686565747320636f6e7461696e696e67204c6f72656d20497073756d2070617373616765732c20616e64206d6f726520726563656e746c792077697468206465736b746f70207075626c697368696e6720736f667477617265206c696b6520416c64757320506167654d616b657220696e636c7564696e672076657273696f6e73206f66204c6f72656d20497073756d2e3c2f703e0d0a3c2f6469763e0d0a3c6469763e0d0a3c6469763e0d0a3c6469763e0d0a3c6469763e0d0a3c6469763e0d0a3c6469763e0d0a3c6469763e0d0a3c6469763e0d0a3c6469763e0d0a3c6469763e0d0a3c6469763e0d0a3c6469763e0d0a3c6469763e0d0a3c6469763e0d0a3c6469763e0d0a3c6469763e0d0a3c6469763e0d0a3c6469763e0d0a3c6469763e0d0a3c6469763e266e6273703b3c2f6469763e0d0a3c2f6469763e0d0a3c2f6469763e0d0a3c2f6469763e0d0a3c2f6469763e0d0a3c2f6469763e0d0a3c2f6469763e0d0a3c2f6469763e0d0a3c2f6469763e0d0a3c2f6469763e0d0a3c2f6469763e0d0a3c2f6469763e0d0a3c2f6469763e0d0a3c2f6469763e0d0a3c2f6469763e0d0a3c2f6469763e0d0a3c2f6469763e0d0a3c2f6469763e0d0a3c2f6469763e0d0a3c2f6469763e0d0a3c2f6469763e0d0a3c703e6f7270657220616c697175653c2f703e, 0x3c6469763e0d0a3c703e3c7374726f6e673e4c6f72656d20497073756d3c2f7374726f6e673ec2a069732073696d706c792064756d6d792074657874206f6620746865207072696e74696e6720616e64207479706573657474696e6720696e6475737472792e204c6f72656d20497073756d20686173206265656e2074686520696e6475737472792773207374616e646172642064756d6d79207465787420657665722073696e6365207468652031353030732c207768656e20616e20756e6b6e6f776e207072696e74657220746f6f6b20612067616c6c6579206f66207479706520616e6420736372616d626c656420697420746f206d616b65206120747970652073706563696d656e20626f6f6b2e20497420686173207375727669766564206e6f74206f6e6c7920666976652063656e7475726965732c2062757420616c736f20746865206c65617020696e746f20656c656374726f6e6963207479706573657474696e672c2072656d61696e696e6720657373656e7469616c6c7920756e6368616e6765642e2049742077617320706f70756c61726973656420696e207468652031393630732077697468207468652072656c65617365206f66204c657472617365742073686565747320636f6e7461696e696e67204c6f72656d20497073756d2070617373616765732c20616e64206d6f726520726563656e746c792077697468206465736b746f70207075626c697368696e6720736f667477617265206c696b6520416c64757320506167654d616b657220696e636c7564696e672076657273696f6e73206f66204c6f72656d20497073756d2e3c2f703e0d0a3c2f6469763e0d0a3c6469763ec2a03c2f6469763e0d0a3c6469763e0d0a3c6469763e0d0a3c703e3c7374726f6e673e4c6f72656d20497073756d3c2f7374726f6e673ec2a069732073696d706c792064756d6d792074657874206f6620746865207072696e74696e6720616e64207479706573657474696e6720696e6475737472792e204c6f72656d20497073756d20686173206265656e2074686520696e6475737472792773207374616e646172642064756d6d79207465787420657665722073696e6365207468652031353030732c207768656e20616e20756e6b6e6f776e207072696e74657220746f6f6b20612067616c6c6579206f66207479706520616e6420736372616d626c656420697420746f206d616b65206120747970652073706563696d656e20626f6f6b2e20497420686173207375727669766564206e6f74206f6e6c7920666976652063656e7475726965732c2062757420616c736f20746865206c65617020696e746f20656c656374726f6e6963207479706573657474696e672c2072656d61696e696e6720657373656e7469616c6c7920756e6368616e6765642e2049742077617320706f70756c61726973656420696e207468652031393630732077697468207468652072656c65617365206f66204c657472617365742073686565747320636f6e7461696e696e67204c6f72656d20497073756d2070617373616765732c20616e64206d6f726520726563656e746c792077697468206465736b746f70207075626c697368696e6720736f667477617265206c696b6520416c64757320506167654d616b657220696e636c7564696e672076657273696f6e73206f66204c6f72656d20497073756d2e3c2f703e0d0a3c2f6469763e0d0a3c6469763e0d0a3c6469763e0d0a3c6469763e0d0a3c6469763e0d0a3c6469763e0d0a3c6469763e0d0a3c6469763e0d0a3c6469763e0d0a3c703ec2a03c2f703e0d0a3c2f6469763e0d0a3c6469763ec2a03c2f6469763e0d0a3c6469763e0d0a3c6469763e0d0a3c703e3c7374726f6e673e4c6f72656d20497073756d3c2f7374726f6e673ec2a069732073696d706c792064756d6d792074657874206f6620746865207072696e74696e6720616e64207479706573657474696e6720696e6475737472792e204c6f72656d20497073756d20686173206265656e2074686520696e6475737472792773207374616e646172642064756d6d79207465787420657665722073696e6365207468652031353030732c207768656e20616e20756e6b6e6f776e207072696e74657220746f6f6b20612067616c6c6579206f66207479706520616e6420736372616d626c656420697420746f206d616b65206120747970652073706563696d656e20626f6f6b2e20497420686173207375727669766564206e6f74206f6e6c7920666976652063656e7475726965732c2062757420616c736f20746865206c65617020696e746f20656c656374726f6e6963207479706573657474696e672c2072656d61696e696e6720657373656e7469616c6c7920756e6368616e6765642e2049742077617320706f70756c61726973656420696e207468652031393630732077697468207468652072656c65617365206f66204c657472617365742073686565747320636f6e7461696e696e67204c6f72656d20497073756d2070617373616765732c20616e64206d6f726520726563656e746c792077697468206465736b746f70207075626c697368696e6720736f667477617265206c696b6520416c64757320506167654d616b657220696e636c7564696e672076657273696f6e73206f66204c6f72656d20497073756d2e3c2f703e0d0a3c2f6469763e0d0a3c6469763e0d0a3c6469763e0d0a3c703e3c7374726f6e673e4c6f72656d20497073756d3c2f7374726f6e673ec2a069732073696d706c792064756d6d792074657874206f6620746865207072696e74696e6720616e64207479706573657474696e6720696e6475737472792e204c6f72656d20497073756d20686173206265656e2074686520696e6475737472792773207374616e646172642064756d6d79207465787420657665722073696e6365207468652031353030732c207768656e20616e20756e6b6e6f776e207072696e74657220746f6f6b20612067616c6c6579206f66207479706520616e6420736372616d626c656420697420746f206d616b65206120747970652073706563696d656e20626f6f6b2e20497420686173207375727669766564206e6f74206f6e6c7920666976652063656e7475726965732c2062757420616c736f20746865206c65617020696e746f20656c656374726f6e6963207479706573657474696e672c2072656d61696e696e6720657373656e7469616c6c7920756e6368616e6765642e2049742077617320706f70756c61726973656420696e207468652031393630732077697468207468652072656c65617365206f66204c657472617365742073686565747320636f6e7461696e696e67204c6f72656d20497073756d2070617373616765732c20616e64206d6f726520726563656e746c792077697468206465736b746f70207075626c697368696e6720736f667477617265206c696b6520416c64757320506167654d616b657220696e636c7564696e672076657273696f6e73206f66204c6f72656d20497073756d2e3c2f703e0d0a3c2f6469763e0d0a3c6469763ec2a03c2f6469763e0d0a3c6469763ec2a03c2f6469763e0d0a3c6469763e0d0a3c6469763e0d0a3c703e3c7374726f6e673e4c6f72656d20497073756d3c2f7374726f6e673ec2a069732073696d706c792064756d6d792074657874206f6620746865207072696e74696e6720616e64207479706573657474696e6720696e6475737472792e204c6f72656d20497073756d20686173206265656e2074686520696e6475737472792773207374616e646172642064756d6d79207465787420657665722073696e6365207468652031353030732c207768656e20616e20756e6b6e6f776e207072696e74657220746f6f6b20612067616c6c6579206f66207479706520616e6420736372616d626c656420697420746f206d616b65206120747970652073706563696d656e20626f6f6b2e20497420686173207375727669766564206e6f74206f6e6c7920666976652063656e7475726965732c2062757420616c736f20746865206c65617020696e746f20656c656374726f6e6963207479706573657474696e672c2072656d61696e696e6720657373656e7469616c6c7920756e6368616e6765642e2049742077617320706f70756c61726973656420696e207468652031393630732077697468207468652072656c65617365206f66204c657472617365742073686565747320636f6e7461696e696e67204c6f72656d20497073756d2070617373616765732c20616e64206d6f726520726563656e746c792077697468206465736b746f70207075626c697368696e6720736f667477617265206c696b6520416c64757320506167654d616b657220696e636c7564696e672076657273696f6e73206f66204c6f72656d20497073756d2e3c2f703e0d0a3c2f6469763e0d0a3c6469763e0d0a3c6469763e0d0a3c703e3c7374726f6e673e4c6f72656d20497073756d3c2f7374726f6e673ec2a069732073696d706c792064756d6d792074657874206f6620746865207072696e74696e6720616e64207479706573657474696e6720696e6475737472792e204c6f72656d20497073756d20686173206265656e2074686520696e6475737472792773207374616e646172642064756d6d79207465787420657665722073696e6365207468652031353030732c207768656e20616e20756e6b6e6f776e207072696e74657220746f6f6b20612067616c6c6579206f66207479706520616e6420736372616d626c656420697420746f206d616b65206120747970652073706563696d656e20626f6f6b2e20497420686173207375727669766564206e6f74206f6e6c7920666976652063656e7475726965732c2062757420616c736f20746865206c65617020696e746f20656c656374726f6e6963207479706573657474696e672c2072656d61696e696e6720657373656e7469616c6c7920756e6368616e6765642e2049742077617320706f70756c61726973656420696e207468652031393630732077697468207468652072656c65617365206f66204c657472617365742073686565747320636f6e7461696e696e67204c6f72656d20497073756d2070617373616765732c20616e64206d6f726520726563656e746c792077697468206465736b746f70207075626c697368696e6720736f667477617265206c696b6520416c64757320506167654d616b657220696e636c7564696e672076657273696f6e73206f66204c6f72656d20497073756d2e3c2f703e0d0a3c2f6469763e0d0a3c6469763ec2a03c2f6469763e0d0a3c6469763e0d0a3c6469763e0d0a3c703e3c7374726f6e673e4c6f72656d20497073756d3c2f7374726f6e673ec2a069732073696d706c792064756d6d792074657874206f6620746865207072696e74696e6720616e64207479706573657474696e6720696e6475737472792e204c6f72656d20497073756d20686173206265656e2074686520696e6475737472792773207374616e646172642064756d6d79207465787420657665722073696e6365207468652031353030732c207768656e20616e20756e6b6e6f776e207072696e74657220746f6f6b20612067616c6c6579206f66207479706520616e6420736372616d626c656420697420746f206d616b65206120747970652073706563696d656e20626f6f6b2e20497420686173207375727669766564206e6f74206f6e6c7920666976652063656e7475726965732c2062757420616c736f20746865206c65617020696e746f20656c656374726f6e6963207479706573657474696e672c2072656d61696e696e6720657373656e7469616c6c7920756e6368616e6765642e2049742077617320706f70756c61726973656420696e207468652031393630732077697468207468652072656c65617365206f66204c657472617365742073686565747320636f6e7461696e696e67204c6f72656d20497073756d2070617373616765732c20616e64206d6f726520726563656e746c792077697468206465736b746f70207075626c697368696e6720736f667477617265206c696b6520416c64757320506167654d616b657220696e636c7564696e672076657273696f6e73206f66204c6f72656d20497073756d2e3c2f703e0d0a3c2f6469763e0d0a3c6469763ec2a03c2f6469763e0d0a3c6469763e0d0a3c6469763e0d0a3c703e3c7374726f6e673e4c6f72656d20497073756d3c2f7374726f6e673ec2a069732073696d706c792064756d6d792074657874206f6620746865207072696e74696e6720616e64207479706573657474696e6720696e6475737472792e204c6f72656d20497073756d20686173206265656e2074686520696e6475737472792773207374616e646172642064756d6d79207465787420657665722073696e6365207468652031353030732c207768656e20616e20756e6b6e6f776e207072696e74657220746f6f6b20612067616c6c6579206f66207479706520616e6420736372616d626c656420697420746f206d616b65206120747970652073706563696d656e20626f6f6b2e20497420686173207375727669766564206e6f74206f6e6c7920666976652063656e7475726965732c2062757420616c736f20746865206c65617020696e746f20656c656374726f6e6963207479706573657474696e672c2072656d61696e696e6720657373656e7469616c6c7920756e6368616e6765642e2049742077617320706f70756c61726973656420696e207468652031393630732077697468207468652072656c65617365206f66204c657472617365742073686565747320636f6e7461696e696e67204c6f72656d20497073756d2070617373616765732c20616e64206d6f726520726563656e746c792077697468206465736b746f70207075626c697368696e6720736f667477617265206c696b6520416c64757320506167654d616b657220696e636c7564696e672076657273696f6e73206f66204c6f72656d20497073756d2e3c2f703e0d0a3c2f6469763e0d0a3c6469763e0d0a3c6469763e0d0a3c6469763e0d0a3c6469763e0d0a3c6469763e0d0a3c6469763e0d0a3c6469763ec2a03c2f6469763e0d0a3c2f6469763e0d0a3c2f6469763e0d0a3c2f6469763e0d0a3c2f6469763e0d0a3c2f6469763e0d0a3c2f6469763e0d0a3c2f6469763e0d0a3c2f6469763e0d0a3c2f6469763e0d0a3c2f6469763e0d0a3c2f6469763e0d0a3c2f6469763e0d0a3c2f6469763e0d0a3c2f6469763e0d0a3c2f6469763e0d0a3c2f6469763e0d0a3c2f6469763e0d0a3c2f6469763e0d0a3c2f6469763e0d0a3c2f6469763e, 0x3c6469763e0d0a3c703e3c7374726f6e673e4c6f72656d20497073756d3c2f7374726f6e673e266e6273703b69732073696d706c792064756d6d792074657874206f6620746865207072696e74696e6720616e64207479706573657474696e6720696e6475737472792e204c6f72656d20497073756d20686173206265656e2074686520696e6475737472792773207374616e646172642064756d6d79207465787420657665722073696e6365207468652031353030732c207768656e20616e20756e6b6e6f776e207072696e74657220746f6f6b20612067616c6c6579206f66207479706520616e6420736372616d626c656420697420746f206d616b65206120747970652073706563696d656e20626f6f6b2e20497420686173207375727669766564206e6f74206f6e6c7920666976652063656e7475726965732c2062757420616c736f20746865206c65617020696e746f20656c656374726f6e6963207479706573657474696e672c2072656d61696e696e6720657373656e7469616c6c7920756e6368616e6765642e2049742077617320706f70756c61726973656420696e207468652031393630732077697468207468652072656c65617365206f66204c657472617365742073686565747320636f6e7461696e696e67204c6f72656d20497073756d2070617373616765732c20616e64206d6f726520726563656e746c792077697468206465736b746f70207075626c697368696e6720736f667477617265206c696b6520416c64757320506167654d616b657220696e636c7564696e672076657273696f6e73206f66204c6f72656d20497073756d2e3c2f703e0d0a3c2f6469763e0d0a3c6469763e266e6273703b3c2f6469763e0d0a3c6469763e0d0a3c6469763e0d0a3c703e3c7374726f6e673e4c6f72656d20497073756d3c2f7374726f6e673e266e6273703b69732073696d706c792064756d6d792074657874206f6620746865207072696e74696e6720616e64207479706573657474696e6720696e6475737472792e204c6f72656d20497073756d20686173206265656e2074686520696e6475737472792773207374616e646172642064756d6d79207465787420657665722073696e6365207468652031353030732c207768656e20616e20756e6b6e6f776e207072696e74657220746f6f6b20612067616c6c6579206f66207479706520616e6420736372616d626c656420697420746f206d616b65206120747970652073706563696d656e20626f6f6b2e20497420686173207375727669766564206e6f74206f6e6c7920666976652063656e7475726965732c2062757420616c736f20746865206c65617020696e746f20656c656374726f6e6963207479706573657474696e672c2072656d61696e696e6720657373656e7469616c6c7920756e6368616e6765642e2049742077617320706f70756c61726973656420696e207468652031393630732077697468207468652072656c65617365206f66204c657472617365742073686565747320636f6e7461696e696e67204c6f72656d20497073756d2070617373616765732c20616e64206d6f726520726563656e746c792077697468206465736b746f70207075626c697368696e6720736f667477617265206c696b6520416c64757320506167654d616b657220696e636c7564696e672076657273696f6e73206f66204c6f72656d20497073756d2e3c2f703e0d0a3c2f6469763e0d0a3c6469763e266e6273703b3c2f6469763e0d0a3c6469763e0d0a3c6469763e0d0a3c703e3c7374726f6e673e4c6f72656d20497073756d3c2f7374726f6e673e266e6273703b69732073696d706c792064756d6d792074657874206f6620746865207072696e74696e6720616e64207479706573657474696e6720696e6475737472792e204c6f72656d20497073756d20686173206265656e2074686520696e6475737472792773207374616e646172642064756d6d79207465787420657665722073696e6365207468652031353030732c207768656e20616e20756e6b6e6f776e207072696e74657220746f6f6b20612067616c6c6579206f66207479706520616e6420736372616d626c656420697420746f206d616b65206120747970652073706563696d656e20626f6f6b2e20497420686173207375727669766564206e6f74206f6e6c7920666976652063656e7475726965732c2062757420616c736f20746865206c65617020696e746f20656c656374726f6e6963207479706573657474696e672c2072656d61696e696e6720657373656e7469616c6c7920756e6368616e6765642e2049742077617320706f70756c61726973656420696e207468652031393630732077697468207468652072656c65617365206f66204c657472617365742073686565747320636f6e7461696e696e67204c6f72656d20497073756d2070617373616765732c20616e64206d6f726520726563656e746c792077697468206465736b746f70207075626c697368696e6720736f667477617265206c696b6520416c64757320506167654d616b657220696e636c7564696e672076657273696f6e73206f66204c6f72656d20497073756d2e3c2f703e0d0a3c2f6469763e0d0a3c6469763e266e6273703b3c2f6469763e0d0a3c6469763e266e6273703b3c2f6469763e0d0a3c6469763e0d0a3c6469763e0d0a3c703e3c7374726f6e673e4c6f72656d20497073756d3c2f7374726f6e673e266e6273703b69732073696d706c792064756d6d792074657874206f6620746865207072696e74696e6720616e64207479706573657474696e6720696e6475737472792e204c6f72656d20497073756d20686173206265656e2074686520696e6475737472792773207374616e646172642064756d6d79207465787420657665722073696e6365207468652031353030732c207768656e20616e20756e6b6e6f776e207072696e74657220746f6f6b20612067616c6c6579206f66207479706520616e6420736372616d626c656420697420746f206d616b65206120747970652073706563696d656e20626f6f6b2e20497420686173207375727669766564206e6f74206f6e6c7920666976652063656e7475726965732c2062757420616c736f20746865206c65617020696e746f20656c656374726f6e6963207479706573657474696e672c2072656d61696e696e6720657373656e7469616c6c7920756e6368616e6765642e2049742077617320706f70756c61726973656420696e207468652031393630732077697468207468652072656c65617365206f66204c657472617365742073686565747320636f6e7461696e696e67204c6f72656d20497073756d2070617373616765732c20616e64206d6f726520726563656e746c792077697468206465736b746f70207075626c697368696e6720736f667477617265206c696b6520416c64757320506167654d616b657220696e636c7564696e672076657273696f6e73206f66204c6f72656d20497073756d2e3c2f703e0d0a3c2f6469763e0d0a3c6469763e266e6273703b3c2f6469763e0d0a3c6469763e0d0a3c6469763e0d0a3c703e3c7374726f6e673e4c6f72656d20497073756d3c2f7374726f6e673e266e6273703b69732073696d706c792064756d6d792074657874206f6620746865207072696e74696e6720616e64207479706573657474696e6720696e6475737472792e204c6f72656d20497073756d20686173206265656e2074686520696e6475737472792773207374616e646172642064756d6d79207465787420657665722073696e6365207468652031353030732c207768656e20616e20756e6b6e6f776e207072696e74657220746f6f6b20612067616c6c6579206f66207479706520616e6420736372616d626c656420697420746f206d616b65206120747970652073706563696d656e20626f6f6b2e20497420686173207375727669766564206e6f74206f6e6c7920666976652063656e7475726965732c2062757420616c736f20746865206c65617020696e746f20656c656374726f6e6963207479706573657474696e672c2072656d61696e696e6720657373656e7469616c6c7920756e6368616e6765642e2049742077617320706f70756c61726973656420696e207468652031393630732077697468207468652072656c65617365206f66204c657472617365742073686565747320636f6e7461696e696e67204c6f72656d20497073756d2070617373616765732c20616e64206d6f726520726563656e746c792077697468206465736b746f70207075626c697368696e6720736f667477617265206c696b6520416c64757320506167654d616b657220696e636c7564696e672076657273696f6e73206f66204c6f72656d20497073756d2e3c2f703e0d0a3c2f6469763e0d0a3c6469763e266e6273703b3c2f6469763e0d0a3c6469763e0d0a3c6469763e0d0a3c703e3c7374726f6e673e4c6f72656d20497073756d3c2f7374726f6e673e266e6273703b69732073696d706c792064756d6d792074657874206f6620746865207072696e74696e6720616e64207479706573657474696e6720696e6475737472792e204c6f72656d20497073756d20686173206265656e2074686520696e6475737472792773207374616e646172642064756d6d79207465787420657665722073696e6365207468652031353030732c207768656e20616e20756e6b6e6f773c2f703e0d0a3c2f6469763e0d0a3c2f6469763e0d0a3c2f6469763e0d0a3c2f6469763e0d0a3c2f6469763e0d0a3c2f6469763e, '2022-04-21 11:24:21', '2022-04-28 12:09:07');

-- --------------------------------------------------------

--
-- Table structure for table `location_image`
--

CREATE TABLE `location_image` (
  `id` int(11) NOT NULL,
  `area_group_id` int(11) DEFAULT NULL,
  `image` varchar(255) COLLATE utf8_unicode_ci DEFAULT NULL,
  `created_at` datetime NOT NULL DEFAULT CURRENT_TIMESTAMP,
  `updated_at` datetime NOT NULL DEFAULT CURRENT_TIMESTAMP
) ENGINE=InnoDB DEFAULT CHARSET=utf8 COLLATE=utf8_unicode_ci;

--
-- Dumping data for table `location_image`
--

INSERT INTO `location_image` (`id`, `area_group_id`, `image`, `created_at`, `updated_at`) VALUES
(31, 1, 'assets/admin/image3658418361651223898.jpg', '2022-04-29 09:18:18', '2022-04-29 09:18:18'),
(32, 1, 'assets/admin/image2765431891651223898.png', '2022-04-29 09:18:18', '2022-04-29 09:18:18'),
(33, 10, 'assets/admin/image18516002711651223963.jpg', '2022-04-29 09:19:23', '2022-04-29 09:19:23'),
(34, 7, 'assets/admin/image773738141651224018.jpg', '2022-04-29 09:20:18', '2022-04-29 09:20:18'),
(35, 7, 'assets/admin/image17010972051651224018.jpg', '2022-04-29 09:20:18', '2022-04-29 09:20:18'),
(36, 8, 'assets/admin/image12563225561651224067.jpg', '2022-04-29 09:21:07', '2022-04-29 09:21:07'),
(37, 2, 'assets/admin/image4231716011651224129.jpg', '2022-04-29 09:22:09', '2022-04-29 09:22:09'),
(38, 2, 'assets/admin/image16358932241651224129.jpg', '2022-04-29 09:22:09', '2022-04-29 09:22:09');

-- --------------------------------------------------------

--
-- Table structure for table `meals`
--

CREATE TABLE `meals` (
  `id` int(15) NOT NULL,
  `name` varchar(255) COLLATE utf8_unicode_ci NOT NULL,
  `heading` varchar(255) COLLATE utf8_unicode_ci NOT NULL,
  `short_description` varchar(255) COLLATE utf8_unicode_ci NOT NULL,
  `detail_description` varchar(255) COLLATE utf8_unicode_ci NOT NULL,
  `price` varchar(255) COLLATE utf8_unicode_ci NOT NULL,
  `category` int(15) NOT NULL,
  `meal_type` int(15) NOT NULL,
  `is_enabled` int(15) NOT NULL DEFAULT '1' COMMENT '0= false | 1=true',
  `is_taking` int(15) NOT NULL DEFAULT '1' COMMENT '0= false | 1=true',
  `disabled_dates` varchar(255) COLLATE utf8_unicode_ci NOT NULL,
  `disabled_days` varchar(255) COLLATE utf8_unicode_ci NOT NULL,
  `area_group` int(15) NOT NULL,
  `maximum_order_per_day` int(11) NOT NULL DEFAULT '100',
  `created_at` datetime NOT NULL DEFAULT CURRENT_TIMESTAMP,
  `updated_at` timestamp NOT NULL DEFAULT CURRENT_TIMESTAMP
) ENGINE=InnoDB DEFAULT CHARSET=utf8 COLLATE=utf8_unicode_ci;

--
-- Dumping data for table `meals`
--

INSERT INTO `meals` (`id`, `name`, `heading`, `short_description`, `detail_description`, `price`, `category`, `meal_type`, `is_enabled`, `is_taking`, `disabled_dates`, `disabled_days`, `area_group`, `maximum_order_per_day`, `created_at`, `updated_at`) VALUES
(1, 'Lunch', 'Lorem Ipsum', 'Lorem Ipsum is simply dummy text of the printing and typesetting industry.', 'Lorem Ipsum is simply dummy text of the printing and typesetting industry. Lorem Ipsum has been the industry\'s standard dummy text ever since the 1500s, when an unknown printer took a galley of type and scrambled it to make a type specimen book. It has su', '19', 5, 1, 0, 0, '04-04-2022, 05-04-2022', 'sunday,monday', 1, 100, '2022-04-22 07:07:28', '2022-04-22 07:07:28'),
(2, 'Classic North Indian', 'Dinner', 'this is my meal', '<p>my meal detail description</p>', '25', 7, 2, 1, 1, '', 'sunday,monday', 2, 100, '2022-04-22 09:36:38', '2022-04-22 09:36:38'),
(3, 'hgfh', 'gfhgfh', 'xcvfxcv', '<p>xcvxcvxcv</p>', '78', 4, 1, 0, 0, '', 'sunday,monday', 1, 100, '2022-04-22 09:47:58', '2022-04-22 09:47:58'),
(4, 'hvh', 'hgfhgfh', 'cfdsfsd', '<p>dfdsgg</p>', '30', 2, 2, 1, 0, '', 'sunday,monday', 1, 100, '2022-04-22 09:49:17', '2022-04-22 09:49:17'),
(5, 'gfdfg', 'fgfdg', 'dfgdfg', '<p>dfgfdgfdg</p>', '56', 3, 1, 1, 1, '27-04-2022,28-04-2022,29-04-2022,30-04-2022,23-04-2022', 'sunday,monday', 1, 100, '2022-04-22 09:51:29', '2022-04-22 09:51:29'),
(6, 'ffdsgf', 'dfgfgfg', 'dfsdg', '<p>dggdfgf</p>', '45', 1, 1, 1, 0, '13-04-2022,14-04-2022,15-04-2022', 'sunday,monday', 1, 100, '2022-04-22 10:01:49', '2022-04-22 10:01:49'),
(8, 'gfdfg', 'fgfdg', 'dfgdfg', '<p>dfgfdgfdg</p>', '56', 3, 1, 1, 1, '27-04-2022,28-04-2022,29-04-2022,30-04-2022,23-04-2022,14-04-2022,15-04-2022', 'sunday,monday', 1, 120, '2022-04-22 11:57:10', '2022-04-22 11:57:10'),
(9, 'My First meal', 'My First meal', 'tes', '<p>test</p>', '10', 2, 1, 1, 1, '16-05-2022,18-05-2022,20-05-2022', 'Sunday,Tuesday', 8, 100, '2022-05-02 06:21:59', '2022-05-02 06:21:59'),
(10, 'test', 'test', 'test', '<p>test12</p>', '233', 2, 1, 1, 1, '18-05-2022', 'sunday,monday', 8, 100, '2022-05-02 06:22:59', '2022-05-02 06:22:59'),
(11, 'North India Thali12', 'Curry, Roti, Rice', 'Yummy meal from our kitchen', '<p>Test meal 2</p>', '12.0', 7, 2, 1, 1, '25-05-2022,24-05-2022', 'sunday,monday', 8, 100, '2022-05-02 08:25:50', '2022-05-02 08:25:50');

-- --------------------------------------------------------

--
-- Table structure for table `meal_images`
--

CREATE TABLE `meal_images` (
  `id` int(15) NOT NULL,
  `meal_id` int(11) NOT NULL,
  `image` varchar(255) COLLATE utf8_unicode_ci NOT NULL,
  `created_at` datetime NOT NULL DEFAULT CURRENT_TIMESTAMP,
  `updated_at` timestamp NOT NULL DEFAULT CURRENT_TIMESTAMP
) ENGINE=InnoDB DEFAULT CHARSET=utf8 COLLATE=utf8_unicode_ci;

--
-- Dumping data for table `meal_images`
--

INSERT INTO `meal_images` (`id`, `meal_id`, `image`, `created_at`, `updated_at`) VALUES
(16, 1, 'assets/admin/image9158930831651224287.png', '2022-04-29 09:24:47', '2022-04-29 09:24:47'),
(17, 8, 'assets/admin/image17701431421651224299.jpg', '2022-04-29 09:24:59', '2022-04-29 09:24:59'),
(18, 1, 'assets/admin/image9745172681651224314.jpg', '2022-04-29 09:25:14', '2022-04-29 09:25:14'),
(19, 1, 'assets/admin/image17087454521651224335.jpg', '2022-04-29 09:25:35', '2022-04-29 09:25:35'),
(20, 1, 'assets/admin/image751107141651224346.jpg', '2022-04-29 09:25:46', '2022-04-29 09:25:46'),
(21, 1, 'assets/admin/image1960092071651224369.jpg', '2022-04-29 09:26:09', '2022-04-29 09:26:09'),
(22, 1, 'assets/admin/image21015093121651224369.jpg', '2022-04-29 09:26:09', '2022-04-29 09:26:09'),
(23, 1, 'assets/admin/image12202300781651224389.jpg', '2022-04-29 09:26:29', '2022-04-29 09:26:29'),
(24, 1, 'assets/admin/image4513243931651224389.png', '2022-04-29 09:26:29', '2022-04-29 09:26:29'),
(25, 9, 'assets/admin/image5548882811651472519.png', '2022-05-02 06:21:59', '2022-05-02 06:21:59'),
(26, 10, 'assets/admin/image18689559471651472579.png', '2022-05-02 06:22:59', '2022-05-02 06:22:59'),
(27, 8, 'assets/admin/image16569644071651476632.jpg', '2022-05-02 07:30:32', '2022-05-02 07:30:32'),
(28, 8, 'assets/admin/image5920104051651476632.jpg', '2022-05-02 07:30:32', '2022-05-02 07:30:32'),
(29, 8, 'assets/admin/image21197741871651476632.jpg', '2022-05-02 07:30:32', '2022-05-02 07:30:32'),
(30, 8, 'assets/admin/image14944053361651476632.jpg', '2022-05-02 07:30:32', '2022-05-02 07:30:32'),
(31, 8, 'assets/admin/image4343764861651476632.jpg', '2022-05-02 07:30:32', '2022-05-02 07:30:32'),
(32, 8, 'assets/admin/image15017951141651476632.jpg', '2022-05-02 07:30:32', '2022-05-02 07:30:32'),
(33, 8, 'assets/admin/image5541859801651476824.jpg', '2022-05-02 07:33:44', '2022-05-02 07:33:44'),
(34, 8, 'assets/admin/image15043326371651476824.jpg', '2022-05-02 07:33:44', '2022-05-02 07:33:44'),
(35, 6, 'assets/admin/image18190773621651477269.png', '2022-05-02 07:41:09', '2022-05-02 07:41:09'),
(36, 11, 'assets/admin/image10394633701651479950.jpg', '2022-05-02 08:25:50', '2022-05-02 08:25:50'),
(37, 11, 'assets/admin/image4759087391651480045.png', '2022-05-02 08:27:25', '2022-05-02 08:27:25');

-- --------------------------------------------------------

--
-- Table structure for table `meal_type`
--

CREATE TABLE `meal_type` (
  `id` int(15) NOT NULL,
  `title` varchar(255) COLLATE utf8_unicode_ci NOT NULL,
  `created_at` datetime NOT NULL DEFAULT CURRENT_TIMESTAMP,
  `updated_at` timestamp NOT NULL DEFAULT CURRENT_TIMESTAMP
) ENGINE=InnoDB DEFAULT CHARSET=utf8 COLLATE=utf8_unicode_ci;

--
-- Dumping data for table `meal_type`
--

INSERT INTO `meal_type` (`id`, `title`, `created_at`, `updated_at`) VALUES
(1, 'Lunch', '2022-04-22 05:55:24', '2022-04-22 05:55:24'),
(2, 'Dinner', '2022-04-22 05:56:14', '2022-04-22 05:56:14');

-- --------------------------------------------------------

--
-- Table structure for table `pickup_location`
--

CREATE TABLE `pickup_location` (
  `id` int(15) NOT NULL,
  `area_group_id` int(15) DEFAULT NULL,
  `location_name` varchar(255) COLLATE utf8_unicode_ci DEFAULT NULL,
  `location_description` varchar(255) COLLATE utf8_unicode_ci DEFAULT NULL,
  `location_address` varchar(255) COLLATE utf8_unicode_ci DEFAULT NULL,
  `location_postcode` varchar(255) COLLATE utf8_unicode_ci DEFAULT NULL,
  `created_at` datetime NOT NULL DEFAULT CURRENT_TIMESTAMP,
  `updated_at` datetime NOT NULL DEFAULT CURRENT_TIMESTAMP
) ENGINE=InnoDB DEFAULT CHARSET=utf8 COLLATE=utf8_unicode_ci;

--
-- Dumping data for table `pickup_location`
--

INSERT INTO `pickup_location` (`id`, `area_group_id`, `location_name`, `location_description`, `location_address`, `location_postcode`, `created_at`, `updated_at`) VALUES
(1, 1, 'Paramatta', 'Pickpoint', 'Paramatta', '2155', '2022-04-20 11:22:50', '2022-04-20 11:22:50'),
(2, 1, 'dfgdfg', 'Pickpoint', 'Kellyville', '2145', '2022-04-20 11:22:50', '2022-04-20 11:22:50');

-- --------------------------------------------------------

--
-- Table structure for table `users`
--

CREATE TABLE `users` (
  `id` int(11) NOT NULL,
  `full_name` varchar(255) COLLATE utf8_unicode_ci NOT NULL,
  `email` varchar(255) COLLATE utf8_unicode_ci NOT NULL,
  `phone` varchar(100) COLLATE utf8_unicode_ci NOT NULL,
  `password` varchar(100) COLLATE utf8_unicode_ci NOT NULL,
  `image` varchar(255) COLLATE utf8_unicode_ci DEFAULT NULL,
  `otp` int(11) NOT NULL,
  `free_plan` int(11) NOT NULL DEFAULT '0' COMMENT '0=unused, 1=used',
  `is_verified` int(1) NOT NULL DEFAULT '0' COMMENT '0 = no,1= yes',
  `gender` varchar(11) COLLATE utf8_unicode_ci NOT NULL,
  `about` varchar(255) COLLATE utf8_unicode_ci NOT NULL,
  `dob` timestamp NOT NULL DEFAULT CURRENT_TIMESTAMP ON UPDATE CURRENT_TIMESTAMP,
  `city` varchar(50) COLLATE utf8_unicode_ci NOT NULL,
  `state` varchar(100) COLLATE utf8_unicode_ci NOT NULL,
  `country` varchar(100) COLLATE utf8_unicode_ci NOT NULL,
  `address` varchar(255) COLLATE utf8_unicode_ci NOT NULL,
  `lat` varchar(255) COLLATE utf8_unicode_ci DEFAULT NULL,
  `lng` varchar(255) COLLATE utf8_unicode_ci DEFAULT NULL,
  `doc_name` varchar(255) COLLATE utf8_unicode_ci DEFAULT NULL,
  `doc_file` varchar(255) COLLATE utf8_unicode_ci DEFAULT NULL,
  `is_block` int(1) NOT NULL DEFAULT '0' COMMENT '0 = no,1= yes',
  `device_id` varchar(255) COLLATE utf8_unicode_ci DEFAULT NULL,
  `created_at` varchar(25) COLLATE utf8_unicode_ci DEFAULT NULL,
  `updated_at` varchar(25) COLLATE utf8_unicode_ci DEFAULT NULL,
  `phone_with_code` varchar(50) COLLATE utf8_unicode_ci DEFAULT NULL,
  `avg_rate` double(13,1) NOT NULL DEFAULT '0.0',
  `review_count` int(11) NOT NULL DEFAULT '0',
  `profession` text COLLATE utf8_unicode_ci,
  `skills` varchar(255) COLLATE utf8_unicode_ci DEFAULT NULL COMMENT 'category ids comma separated',
  `sub_skills` varchar(255) COLLATE utf8_unicode_ci DEFAULT NULL,
  `wallet_amount` decimal(13,2) NOT NULL DEFAULT '0.00'
) ENGINE=InnoDB DEFAULT CHARSET=utf8 COLLATE=utf8_unicode_ci;

--
-- Dumping data for table `users`
--

INSERT INTO `users` (`id`, `full_name`, `email`, `phone`, `password`, `image`, `otp`, `free_plan`, `is_verified`, `gender`, `about`, `dob`, `city`, `state`, `country`, `address`, `lat`, `lng`, `doc_name`, `doc_file`, `is_block`, `device_id`, `created_at`, `updated_at`, `phone_with_code`, `avg_rate`, `review_count`, `profession`, `skills`, `sub_skills`, `wallet_amount`) VALUES
(1, 'john', 'mizan.webwiders@gmail.com', '8357086224', '123456', NULL, 9180, 1, 1, 'male', 'हादक xa xje', '2022-04-08 07:01:40', 'Indore', 'Madhya Pradesh', 'India', 'Indore, Madhya Pradesh, India', '22.7195687', '75.8577258', NULL, NULL, 0, 'f08dd364-b5a0-11ec-a896-000000000000', '2022-04-06 16:17:27', '2022-04-08 11:01:40', '918357086224', 3.5, 0, 'designer', NULL, NULL, 1525.28),
(2, 'jerry', 'ankita.webwiders@gmail.com', '83570552365', '123456', NULL, 4708, 1, 1, 'male', 'xhkk hfjf h he can you send the', '2022-04-20 05:23:54', 'Ujjain', 'Madhya Pradesh', 'India', 'Ujjain, Madhya Pradesh, India', '23.1764665', '75.7885163', NULL, NULL, 0, '2cd3b848-d9e2-42be-8dc6-f7fa35680501', '2022-04-06 16:21:21', '2022-04-20 09:23:54', '9183570552365', 4.5, 0, 'developer', NULL, NULL, 350.00),
(3, 'john', 'abc@gmail.com', '1234567890', '123456', NULL, 6563, 0, 0, 'male', '', '2022-04-12 10:53:15', '', '', '', '', NULL, NULL, NULL, NULL, 0, NULL, '2022-04-12 14:53:15', '2022-04-12 14:53:15', '911234567890', 0.0, 0, NULL, NULL, NULL, 0.00),
(4, 'john', 'prasoon.webwiders@gmail.com', '1234321234', '123456', NULL, 8469, 0, 0, 'male', '', '2022-04-12 10:58:01', '', '', '', '', NULL, NULL, NULL, NULL, 0, NULL, '2022-04-12 14:58:01', '2022-04-12 14:58:01', '911234321234', 0.0, 0, NULL, NULL, NULL, 0.00),
(5, 'Deno', 'manish.1webwiders@gmail.com', '2587458745', '123456', NULL, 7488, 0, 0, 'male', '', '2022-04-12 11:17:57', '', '', '', '', NULL, NULL, NULL, NULL, 0, NULL, '2022-04-12 15:17:57', '2022-04-12 15:17:57', '912587458745', 0.0, 0, NULL, NULL, NULL, 0.00),
(6, 'usnsn', 'manish.webwiders@gmail.com', '1234567892', '123456', NULL, 3004, 0, 0, 'male', '', '2022-04-19 10:54:47', '', '', '', '', NULL, NULL, NULL, NULL, 0, NULL, '2022-04-19 14:54:47', '2022-04-19 14:54:47', '911234567892', 0.0, 0, NULL, NULL, NULL, 0.00),
(7, 'mfgk', 'govinda.webwider@gmail.com', '1234567896', '123456', NULL, 2230, 0, 0, 'male', '', '2022-04-19 10:59:26', '', '', '', '', NULL, NULL, NULL, NULL, 0, NULL, '2022-04-19 14:59:26', '2022-04-19 14:59:26', '911234567896', 0.0, 0, NULL, NULL, NULL, 0.00),
(8, 'dbbx', 'ram@yopmail.com', '0000852132', '123456', NULL, 2372, 0, 1, 'male', '', '2022-04-19 11:02:19', '', '', '', '', NULL, NULL, NULL, NULL, 0, NULL, '2022-04-19 15:01:25', '2022-04-19 15:01:25', '910000852132', 0.0, 0, NULL, NULL, NULL, 0.00);

-- --------------------------------------------------------

--
-- Table structure for table `why_order_content`
--

CREATE TABLE `why_order_content` (
  `id` int(11) NOT NULL,
  `title` varchar(255) COLLATE utf8_unicode_ci NOT NULL DEFAULT 'Why order from here?',
  `subheading` varchar(255) COLLATE utf8_unicode_ci NOT NULL DEFAULT 'Lorem ipsum dolor sit, amet consectetur adipisicing elit.',
  `description` text COLLATE utf8_unicode_ci,
  `image` varchar(255) COLLATE utf8_unicode_ci NOT NULL,
  `created_at` datetime NOT NULL DEFAULT CURRENT_TIMESTAMP,
  `updated_at` datetime NOT NULL DEFAULT CURRENT_TIMESTAMP
) ENGINE=InnoDB DEFAULT CHARSET=utf8 COLLATE=utf8_unicode_ci;

--
-- Dumping data for table `why_order_content`
--

INSERT INTO `why_order_content` (`id`, `title`, `subheading`, `description`, `image`, `created_at`, `updated_at`) VALUES
(1, 'Why order from here?', 'Lorem ipsum dolor sit, amet consectetur adipisicing elit.', '<p>Vivamus convallis, justo eu convallis vehicula, erat mauris porttitor diam, sed aliquet lacus orci eget odio. Nulla ullamcorper ac lorem id maximus. Vestibulum nisi odio, ultrices accumsan semper et, faucibus ut quam.Aliquam ullamcorper aliquet accumsan. Quisque bibendum suscipit viverra. Aliquam nec sapien luctus, scelerisque diam et, consequat purus. Fusce quis velit vel enim elementum egestas sit amet eu mauris. Suspendisse quis lectus leo. In congue lacus pharetra dolor volutpat porta.</p>', 'assets/admin/image/843029681651130787', '2022-04-21 10:35:14', '2022-04-21 10:35:14');

--
-- Indexes for dumped tables
--

--
-- Indexes for table `admin`
--
ALTER TABLE `admin`
  ADD PRIMARY KEY (`id`);

--
-- Indexes for table `area_served`
--
ALTER TABLE `area_served`
  ADD PRIMARY KEY (`id`);

--
-- Indexes for table `category`
--
ALTER TABLE `category`
  ADD PRIMARY KEY (`id`);

--
-- Indexes for table `contact_details`
--
ALTER TABLE `contact_details`
  ADD PRIMARY KEY (`id`);

--
-- Indexes for table `contact_request`
--
ALTER TABLE `contact_request`
  ADD PRIMARY KEY (`id`);

--
-- Indexes for table `home_content`
--
ALTER TABLE `home_content`
  ADD PRIMARY KEY (`id`);

--
-- Indexes for table `inner_content`
--
ALTER TABLE `inner_content`
  ADD PRIMARY KEY (`id`);

--
-- Indexes for table `location_image`
--
ALTER TABLE `location_image`
  ADD PRIMARY KEY (`id`),
  ADD KEY `area_group_id` (`area_group_id`);

--
-- Indexes for table `meals`
--
ALTER TABLE `meals`
  ADD PRIMARY KEY (`id`),
  ADD KEY `meals_ibfk_1` (`category`),
  ADD KEY `meal_type` (`meal_type`),
  ADD KEY `meals_ibfk_3` (`area_group`);

--
-- Indexes for table `meal_images`
--
ALTER TABLE `meal_images`
  ADD PRIMARY KEY (`id`),
  ADD KEY `meal_id` (`meal_id`);

--
-- Indexes for table `meal_type`
--
ALTER TABLE `meal_type`
  ADD PRIMARY KEY (`id`);

--
-- Indexes for table `pickup_location`
--
ALTER TABLE `pickup_location`
  ADD PRIMARY KEY (`id`),
  ADD KEY `area_group_id` (`area_group_id`);

--
-- Indexes for table `users`
--
ALTER TABLE `users`
  ADD PRIMARY KEY (`id`);

--
-- Indexes for table `why_order_content`
--
ALTER TABLE `why_order_content`
  ADD PRIMARY KEY (`id`);

--
-- AUTO_INCREMENT for dumped tables
--

--
-- AUTO_INCREMENT for table `admin`
--
ALTER TABLE `admin`
  MODIFY `id` int(11) NOT NULL AUTO_INCREMENT, AUTO_INCREMENT=2;

--
-- AUTO_INCREMENT for table `area_served`
--
ALTER TABLE `area_served`
  MODIFY `id` int(15) NOT NULL AUTO_INCREMENT, AUTO_INCREMENT=11;

--
-- AUTO_INCREMENT for table `category`
--
ALTER TABLE `category`
  MODIFY `id` int(11) NOT NULL AUTO_INCREMENT, AUTO_INCREMENT=9;

--
-- AUTO_INCREMENT for table `contact_details`
--
ALTER TABLE `contact_details`
  MODIFY `id` int(11) NOT NULL AUTO_INCREMENT, AUTO_INCREMENT=2;

--
-- AUTO_INCREMENT for table `contact_request`
--
ALTER TABLE `contact_request`
  MODIFY `id` int(11) NOT NULL AUTO_INCREMENT, AUTO_INCREMENT=3;

--
-- AUTO_INCREMENT for table `home_content`
--
ALTER TABLE `home_content`
  MODIFY `id` int(15) NOT NULL AUTO_INCREMENT, AUTO_INCREMENT=4;

--
-- AUTO_INCREMENT for table `inner_content`
--
ALTER TABLE `inner_content`
  MODIFY `id` int(11) NOT NULL AUTO_INCREMENT, AUTO_INCREMENT=2;

--
-- AUTO_INCREMENT for table `location_image`
--
ALTER TABLE `location_image`
  MODIFY `id` int(11) NOT NULL AUTO_INCREMENT, AUTO_INCREMENT=39;

--
-- AUTO_INCREMENT for table `meals`
--
ALTER TABLE `meals`
  MODIFY `id` int(15) NOT NULL AUTO_INCREMENT, AUTO_INCREMENT=12;

--
-- AUTO_INCREMENT for table `meal_images`
--
ALTER TABLE `meal_images`
  MODIFY `id` int(15) NOT NULL AUTO_INCREMENT, AUTO_INCREMENT=38;

--
-- AUTO_INCREMENT for table `meal_type`
--
ALTER TABLE `meal_type`
  MODIFY `id` int(15) NOT NULL AUTO_INCREMENT, AUTO_INCREMENT=4;

--
-- AUTO_INCREMENT for table `pickup_location`
--
ALTER TABLE `pickup_location`
  MODIFY `id` int(15) NOT NULL AUTO_INCREMENT, AUTO_INCREMENT=6;

--
-- AUTO_INCREMENT for table `users`
--
ALTER TABLE `users`
  MODIFY `id` int(11) NOT NULL AUTO_INCREMENT, AUTO_INCREMENT=9;

--
-- AUTO_INCREMENT for table `why_order_content`
--
ALTER TABLE `why_order_content`
  MODIFY `id` int(11) NOT NULL AUTO_INCREMENT, AUTO_INCREMENT=2;

--
-- Constraints for dumped tables
--

--
-- Constraints for table `location_image`
--
ALTER TABLE `location_image`
  ADD CONSTRAINT `location_image_ibfk_1` FOREIGN KEY (`area_group_id`) REFERENCES `area_served` (`id`) ON DELETE CASCADE ON UPDATE CASCADE;

--
-- Constraints for table `meals`
--
ALTER TABLE `meals`
  ADD CONSTRAINT `meals_ibfk_1` FOREIGN KEY (`category`) REFERENCES `category` (`id`) ON DELETE CASCADE ON UPDATE CASCADE,
  ADD CONSTRAINT `meals_ibfk_2` FOREIGN KEY (`meal_type`) REFERENCES `meal_type` (`id`) ON DELETE CASCADE ON UPDATE CASCADE,
  ADD CONSTRAINT `meals_ibfk_3` FOREIGN KEY (`area_group`) REFERENCES `area_served` (`id`) ON DELETE CASCADE ON UPDATE CASCADE;

--
-- Constraints for table `meal_images`
--
ALTER TABLE `meal_images`
  ADD CONSTRAINT `meal_images_ibfk_1` FOREIGN KEY (`meal_id`) REFERENCES `meals` (`id`) ON DELETE CASCADE ON UPDATE CASCADE;

--
-- Constraints for table `pickup_location`
--
ALTER TABLE `pickup_location`
  ADD CONSTRAINT `pickup_location_ibfk_1` FOREIGN KEY (`area_group_id`) REFERENCES `area_served` (`id`) ON DELETE CASCADE ON UPDATE CASCADE;
COMMIT;

/*!40101 SET CHARACTER_SET_CLIENT=@OLD_CHARACTER_SET_CLIENT */;
/*!40101 SET CHARACTER_SET_RESULTS=@OLD_CHARACTER_SET_RESULTS */;
/*!40101 SET COLLATION_CONNECTION=@OLD_COLLATION_CONNECTION */;
